url,status,notes
http://janinewashle.com/recipe/russian-hot-chocolate,skipped,site dead (503)
https://abcnews.go.com/GMA/Food/braised-pork-quesadillas-takeout-chef-pati-jinich/story?id=83936630,skipped,"main recipe JS-rendered, not accessible"
https://apinchofsaffron.nl/thai-red-curry-with-crispy-fried-cod-drizzled-with-mint-birds-eye-chili-sauce,done,mealie.gruffus.com/g/home/r/thai-red-curry-with-crispy-fried-cod-and-mint-chili-sauce
https://barefeetinthekitchen.com/homemade-ranch-salad-dressing,done,mealie.gruffus.com/g/home/r/the-best-homemade-ranch-salad-dressing
https://cafedelites.com/chicken-tikka-masala,done,mealie.gruffus.com/g/home/r/chicken-tikka-masala
https://carlsbadcravings.com/zucchini-casserole,done,mealie.gruffus.com/g/home/r/zucchini-casserole
https://chefsavvy.com/spicy-tuna-bowls,done,mealie.gruffus.com/g/home/r/spicy-tuna-bowls
https://christieathome.com/blog/orange-chicken,done,mealie.gruffus.com/g/home/r/quick-easy-orange-chicken
https://cookieandkate.com/best-tabbouleh-recipe,done,mealie.gruffus.com/g/home/r/best-tabbouleh
https://cookieandkate.com/easy-refried-beans-recipe,done,mealie.gruffus.com/g/home/r/easy-refried-beans
https://cookieandkate.com/thai-red-curry-recipe,done,already in Mealie
https://cooking.nytimes.com/recipes/1015181-marcella-hazans-bolognese-sauce,skipped,NYT Cooking paywall (403)
https://cooking.nytimes.com/recipes/1016931-glazed-shiitakes-with-bok-choy,skipped,NYT Cooking paywall (403)
https://cookingwithcarlee.com/the-ultimate-blt-pasta-salad,done,mealie.gruffus.com/g/home/r/blt-pasta-salad-with-spinach
https://damndelicious.net/2012/05/30/teriyaki-salmon-with-sriracha-cream-sauce,done,mealie.gruffus.com/g/home/r/teriyaki-salmon-with-sriracha-cream-sauce
https://damndelicious.net/2013/01/21/bacon-wrapped-teriyaki-hot-dogs-with-pineapple-salsa,done,mealie.gruffus.com/g/home/r/bacon-wrapped-teriyaki-hot-dogs-with-pineapple-salsa
https://damndelicious.net/2013/06/06/hawaiian-hot-dogs-with-mango-salsa,done,mealie.gruffus.com/g/home/r/hawaiian-hot-dogs-with-mango-salsa
https://damndelicious.net/2013/10/19/chinese-orange-chicken,done,mealie.gruffus.com/g/home/r/chinese-orange-chicken
https://damndelicious.net/2014/04/09/one-pan-mexican-quinoa,done,mealie.gruffus.com/g/home/r/one-pan-mexican-quinoa
https://damndelicious.net/2014/07/02/panda-express-chow-mein-copycat,done,mealie.gruffus.com/g/home/r/panda-express-chow-mein-copycat
https://damndelicious.net/2014/07/21/bacon-pea-macaroni-cheese,done,mealie.gruffus.com/g/home/r/bacon-and-pea-macaroni-cheese
https://damndelicious.net/2015/03/13/garlic-butter-shrimp-pasta,done,mealie.gruffus.com/g/home/r/garlic-butter-shrimp-pasta
https://damndelicious.net/2017/06/30/grilled-honey-garlic-shrimp-bowls,done,mealie.gruffus.com/g/home/r/grilled-honey-garlic-shrimp-bowls
https://damndelicious.net/2017/10/15/mango-chicken-with-coconut-rice,done,mealie.gruffus.com/g/home/r/mango-chicken-with-coconut-rice
https://damndelicious.net/2017/12/21/ham-and-peas-pasta-with-garlic-parmesan-cream-sauce,done,mealie.gruffus.com/g/home/r/ham-and-peas-pasta-with-garlic-parmesan-cream-sauce
https://damndelicious.net/2018/07/03/bbq-pineapple-chicken-kabobs,done,mealie.gruffus.com/g/home/r/bbq-pineapple-chicken-kabobs
https://damndelicious.net/2019/01/08/creamy-red-pepper-shells,done,mealie.gruffus.com/g/home/r/creamy-red-pepper-shells
https://damndelicious.net/2019/04/01/honey-mustard-chicken-salad,done,mealie.gruffus.com/g/home/r/honey-mustard-chicken-salad
https://damndelicious.net/2019/06/25/vegetable-spring-rolls-with-peanut-sauce,done,mealie.gruffus.com/g/home/r/vegetable-spring-rolls-with-peanut-sauce
https://damndelicious.net/2019/07/28/rosemary-chicken-and-peach-salad,done,mealie.gruffus.com/g/home/r/rosemary-chicken-and-peach-salad
https://damndelicious.net/2019/08/06/easy-chicken-tacos,done,mealie.gruffus.com/g/home/r/easy-chicken-tacos
https://damndelicious.net/2020/03/09/korean-chicken-bowls,done,mealie.gruffus.com/g/home/r/korean-chicken-bowls
https://damndelicious.net/2021/10/16/thai-coconut-curry-ramen,done,mealie.gruffus.com/g/home/r/thai-coconut-curry-ramen
https://damndelicious.net/2023/05/19/honey-fried-chicken-and-waffles,done,mealie.gruffus.com/g/home/r/honey-fried-chicken-and-waffles
https://damndelicious.net/2024/01/05/creamy-sausage-gnocchi,done,mealie.gruffus.com/g/home/r/creamy-sausage-gnocchi
https://debraklein.com/green-tahini-sauce,done,mealie.gruffus.com/g/home/r/green-tahini-sauce
https://delishably.com/news/no-peel-egg-salad,skipped,inaccessible
https://diabetesstrong.com/keto-peanut-butter-fat-bombs,done,mealie.gruffus.com/g/home/r/keto-peanut-butter-fat-bombs
https://dishingouthealth.com/spicy-miso-ramen,done,mealie.gruffus.com/g/home/r/spicy-miso-ramen
https://easyyums.com/coconut-crusted-fish-with-mango-salsa-light-flavorful,skipped,inaccessible
https://eatwithclarity.com/greek-chicken-bowls,done,mealie.gruffus.com/g/home/r/greek-chicken-bowls
https://espressoandlime.com/10-minute-creamy-mayo-ramen,skipped,inaccessible
https://familystylefood.com/radicchio-salad-recipe,done,mealie.gruffus.com/g/home/r/radicchio-salad-with-blue-cheese-and-walnuts
https://feastingnotfasting.com/prosciutto-melon-skewers,done,mealie.gruffus.com/g/home/r/prosciutto-melon-skewers
https://feelgoodfoodie.net/recipe/ground-chicken-burgers,done,mealie.gruffus.com/g/home/r/ground-chicken-burgers
https://fitfoodiefinds.com/instant-pot-honey-garlic-chicken-thighs,done,mealie.gruffus.com/g/home/r/instant-pot-chicken-thighs-with-honey-garlic-sauce
https://foodnetwork.co.uk/recipes/succulent-braised-pork,done,mealie.gruffus.com/g/home/r/succulent-braised-pork
https://foodwishes.blogspot.com/2018/01/sticky-garlic-pork-chops-what-do-you.html?m=1,done,mealie.gruffus.com/g/home/r/sticky-garlic-pork-chops
https://fortheloveofcooking.net/2021/03/loaded-baked-potato-bites.html,done,mealie.gruffus.com/g/home/r/loaded-baked-potato-bites
https://fortheloveofgourmet.com/gochujang-salmon-bowls,done,mealie.gruffus.com/g/home/r/gochujang-salmon-bowls
https://fr.chatelaine.com/recettes/desserts/rosettes-de-pommes-de-louis-francois-marcotte,skipped,403 error
https://greenvalleykitchen.com/green-beans-with-parmesan-and-lemon-butter-sauce,done,mealie.gruffus.com/g/home/r/green-beans-with-parmesan-and-lemon-butter-sauce
https://healthynibblesandbits.com/easiest-egg-fried-rice,done,mealie.gruffus.com/g/home/r/the-easiest-egg-fried-rice
https://hh-hm.com/greek-chicken-wrap-recipe,skipped,"202 response, no recipe data accessible"
https://homemadehooplah.com/witchs-brew,done,mealie.gruffus.com/g/home/r/witch-s-brew
https://homemadehooplah.com/zombie-brain-shot,done,mealie.gruffus.com/g/home/r/zombie-brain-shot
https://honestcooking.com/tiramisu-nutella,done,mealie.gruffus.com/g/home/r/nutella-tiramisu
https://hot-thai-kitchen.com/chili-garlic-noodles,done,mealie.gruffus.com/g/home/r/chili-garlic-noodles
https://hot-thai-kitchen.com/green-curry-new-2,done,mealie.gruffus.com/g/home/r/authentic-thai-green-curry-chicken
https://hot-thai-kitchen.com/kao-soi/?__cf_chl_tk=G6Vej3Z.r4_USOHhbOZ3axmnH4ZUXuGJ6UKU._IvnFk-1752740034-1.0.1.1-fVYOTsi9FG_OWpRgOc3RAU293j6hDHmgi3VrjbzcQnY,done,mealie.gruffus.com/g/home/r/khao-soi-northern-thai-curry-noodle-soup
https://hot-thai-kitchen.com/red-curry-chicken-squash,done,mealie.gruffus.com/g/home/r/authentic-thai-red-curry-with-chicken-and-squash
https://ianfujimoto.substack.com/p/chili-garlic-noodles?r=4vgpi3,skipped,"paid subscriber content, no recipe accessible"
https://iheartumami.com/nori-wraps,done,mealie.gruffus.com/g/home/r/nori-wraps-with-canned-tuna
https://jamilacuisine.ro/supa-de-pui-cu-galuste-reteta-video,done,mealie.gruffus.com/g/home/r/chicken-soup-with-semolina-dumplings-supa-de-pui-cu-galuste
https://jamilacuisine.ro/tiramisu-dalgona-fara-ou-si-fara-cofeina-reteta-video,done,mealie.gruffus.com/g/home/r/dalgona-tiramisu-no-eggs-no-caffeine
https://japan.recipetineats.com/katsu-curry-japanese-curry-rice-with-chicken-cutlet,done,mealie.gruffus.com/g/home/r/katsu-curry-japanese-curry-rice-with-chicken-cutlet
https://justinesnacks.com/caramelized-gochujang-tomato-soup,done,mealie.gruffus.com/g/home/r/caramelized-gochujang-tomato-soup
https://justinesnacks.com/cheesy-scallion-pancakes,done,mealie.gruffus.com/g/home/r/cheesy-scallion-pancakes
https://kellyneil.com/creamy-pesto-gnocchi,done,already in Mealie
https://keytomylime.com/big-mac-sauce-recipe,done,mealie.gruffus.com/g/home/r/big-mac-sauce-copycat
https://life-in-the-lofthouse.com/turkey-ranch-club-wraps,done,mealie.gruffus.com/g/home/r/turkey-ranch-club-wraps
https://littlesunnykitchen.com/hummus-veggie-wrap/?__cf_chl_jschl_tk__=pmd_PoJZn4cKN169Qff10PA8PyOhgeYVE.Vg69QjGWKwYuQ-1635838725-0-gqNtZGzNAmWjcnBszQj9,done,mealie.gruffus.com/g/home/r/hummus-veggie-wrap
https://livforcake.com/black-forest-cake,done,mealie.gruffus.com/g/home/r/black-forest-cake
https://livingsweetmoments.com/spicy-mango-rice-recipe,done,already in mealie: spicy-mango-rice-recipe
https://m.bucataras.ro/retete/desert-tort-cu-nuca-si-crema-de-vanilie-57883.html,done,mealie.gruffus.com/g/home/r/romanian-walnut-cake-with-vanilla-butter-cream-tort-cu-nuca
https://m.bucataras.ro/retete/mancare-de-mazare-cu-pipote-si-inimi-de-pui-78872.html,done,mealie.gruffus.com/g/home/r/romanian-pea-stew-with-chicken-gizzards-and-hearts-mancare-de-mazare-cu-pipote
https://mealie.gruffus.com/g/home/shared/r/698297ec-f85b-4043-a7fc-d535983f670e,done,internal mealie recipe
https://mealie.gruffus.com/g/home/shared/r/97d02c8f-752e-4cd5-ba45-ff45d0037e69,done,internal mealie recipe
https://mondocucina.ro/content/Caponata-siciliana.aspx,skipped,503 service unavailable
https://msshiandmrhe.com/korean-pickled-radish-danmuji,done,mealie.gruffus.com/g/home/r/korean-pickled-radish-danmuji
https://mykitchenlittle.com/2022/06/17/best-beef-stroganoff-with-vodka-sauce,done,mealie.gruffus.com/g/home/r/best-ever-beef-stroganoff-with-vodka-sauce
https://mykoreankitchen.com/easy-kimbap,done,mealie.gruffus.com/g/home/r/easy-kimbap-korean-seaweed-rice-rolls
https://mykoreankitchen.com/kimchi-fried-rice,done,already in mealie: kimchi-fried-rice
https://myraskitchen.blogspot.com/2012/01/ciorba-arabeasca.html?m=1,done,mealie.gruffus.com/g/home/r/romanian-arab-style-chicken-and-rice-soup-ciorba-arabeasca
https://natashaskitchen.com/bbq-sauce-recipe,done,mealie.gruffus.com/g/home/r/homemade-bbq-sauce
https://natashaskitchen.com/philly-cheesesteak,done,already in mealie: philly-cheesesteak
https://natashaskitchen.com/spaghetti-and-meatballs-recipe,done,already in mealie: spaghetti-and-meatballs
https://niftyrecipe.com/recipe-685-lentil-cream-soup.html,skipped,recipe page redirects to homepage
https://pinchofyum.com/spicy-falafel-roasted-veggie-naan-wich,done,mealie.gruffus.com/g/home/r/spicy-falafel-and-roasted-veggie-naan-wich
https://playswellwithbutter.com/sweet-corn-risotto,done,mealie.gruffus.com/g/home/r/sweet-corn-risotto
https://recipesformen.com/dill-honey-mustard-sauce,done,already in mealie
https://sallysbakingaddiction.com/chocolate-ganache,done,mealie.gruffus.com/g/home/r/chocolate-ganache
https://sallysbakingaddiction.com/chocolate-peanut-butter-cake,done,already in mealie: chocolate-peanut-butter-cake
https://savoriurbane.com/ciorba-de-fasole-boabe-cu-ciolan-afumat-costita-sau-carnati,done,already in mealie: romanian-smoked-pork-and-white-bean-soup
https://savoriurbane.com/ciorba-de-perisoare-reteta-mamei-mele,done,mealie.gruffus.com/g/home/r/romanian-meatball-soup-ciorba-de-perisoare
https://savoriurbane.com/friptura-simpla-din-pulpa-de-porc,done,mealie.gruffus.com/g/home/r/simple-romanian-roast-pork-friptura-simpla-din-pulpa-de-porc
https://savoriurbane.com/oua-umplute-in-6-retete-simple-cu-pate-de-ficat-pasta-de-peste-branza-avocado-sau-fara-maioneza,done,mealie.gruffus.com/g/home/r/romanian-stuffed-eggs-6-fillings-oua-umplute-in-6-retete
https://savoriurbane.com/pilaf-de-orez-cu-legume-si-carne,done,mealie.gruffus.com/g/home/r/romanian-rice-pilaf-with-meat-and-vegetables-pilaf-de-orez-cu-legume-si-carne
https://savoriurbane.com/placinta-cu-carne-tocata-si-ceapa-placinta-dobrogeana-sau-burek-cu-carne,done,mealie.gruffus.com/g/home/r/romanian-meat-pie-with-phyllo-placinta-dobrogeana-burek-cu-carne
https://savoriurbane.com/prajitura-tosca-reteta-populara,done,mealie.gruffus.com/g/home/r/romanian-tosca-cake-prajitura-tosca
https://savoriurbane.com/vinete-la-cuptor-cu-mujdei-de-usturoi,done,mealie.gruffus.com/g/home/r/romanian-roasted-eggplant-with-garlic-sauce-vinete-la-cuptor-cu-mujdei
https://simply-delicious-food.com/mexican-street-corn-dip,done,already in mealie: mexican-street-corn-dip
https://sugarspunrun.com/eclair-cake/?__cf_chl_jschl_tk__=pmd_07618362233c1f604934bf2c99989cd70ae2036e-1626893282-0-gqNtZGzNAiKjcnBszQmi,done,already in mealie: eclair-cake
https://sweetcsdesigns.com/roasted-tomato-marinara-sauce,done,already in mealie: roasted-tomato-marinara-sauce
https://tastesbetterfromscratch.com/breakfast-burritos-freezer-friendly,done,already in mealie: freezer-breakfast-burritos
https://tastesbetterfromscratch.com/easy-tiramisu,done,already in mealie: tiramisu
https://tasty.co/article/hannahloewentheil/30-minute-soup-recipes,skipped,article page not a single recipe
https://tasty.co/recipe/buttermilk-pancakes,done,already in mealie: buttermilk-pancakes
https://tasty.co/recipe/salted-caramel-apple-cinnamon-rolls?ref=bfbiobuzzfeedtasty&utm_campaign=bfbiobuzzfeedtasty&utm_source=buzzfeed.bio&p_id=12174,done,already in mealie: salted-caramel-apple-cinnamon-rolls
https://teakandthyme.com/earl-grey-hot-chocolate,done,mealie.gruffus.com/g/home/r/earl-grey-hot-chocolate-1
https://thecozyapron.com/breakfast-potatoes,done,mealie.gruffus.com/g/home/r/breakfast-potatoes-1
https://theforkedspoon.com/santa-fe-chicken,done,mealie.gruffus.com/g/home/r/santa-fe-chicken-1
https://thehappyfoodie.co.uk/recipes/madhurs-chicken-tikka-masala,done,already in mealie: chicken-tikka-masala
https://thehealthfulideas.com/apple-cider-margarita,done,already in mealie: apple-cider-margarita
https://themodernproper.com/meatball-sub-sandwich,done,mealie.gruffus.com/g/home/r/meatball-sub-sandwich
https://thenatureofhome.com/spicy-coconut-curry-ramen-in-20-minutes/?utm_source=Pinterest&utm_medium=organic,done,already in mealie: thai-coconut-curry-ramen
https://theninjacue.com/chopped-italian-sandwich,done,already in mealie: chopped-italian-sandwich
https://theviewfromgreatisland.com/mediterranean-bean-salad-recipe,done,already in mealie: mediterranean-bean-salad
https://thewoksoflife.com/how-to-make-chili-oil,done,already in mealie: homemade-chili-oil
https://thewoodenskillet.com/sloppy-joe-bowls,done,already in mealie: sloppy-joe-bowls
https://twosleevers.com/keto-coconut-macaroons,done,mealie.gruffus.com/g/home/r/keto-coconut-macaroons
https://veganinthefreezer.com/olive-tapenade-crostini,done,mealie.gruffus.com/g/home/r/olive-tapenade-crostini
https://web.archive.org/web/20240530201129/https://niftyrecipe.com/recipe-685-lentil-cream-soup.html,skipped,not a recipe page
https://wholefully.com/crispy-baked-vegetable-chips,done,mealie.gruffus.com/g/home/r/crispy-baked-vegetable-chips
https://www.acouplecooks.com/french-75-cocktail,done,mealie.gruffus.com/g/home/r/french-75-cocktail
https://www.aheadofthyme.com/chicken-parmesan-stuffed-peppers,done,mealie.gruffus.com/g/home/r/chicken-parmesan-stuffed-peppers
https://www.aheadofthyme.com/chicken-pot-pie,done,mealie.gruffus.com/g/home/r/chicken-pot-pie
https://www.aheadofthyme.com/summer-corn-salad,done,already in mealie: mexican-corn-salad
https://www.allrecipes.com/easy-doner-style-kebab-recipe-11871835,done,mealie.gruffus.com/g/home/r/easy-doner-style-kebab
https://www.allrecipes.com/recipe/104850/black-bean-and-corn-quesadillas,done,mealie.gruffus.com/g/home/r/black-bean-and-corn-quesadillas
https://www.allrecipes.com/recipe/104947/roasted-asparagus-and-mushrooms/?internalSource=hub%20recipe&referringId=16382&referringContentType=recipe%20hub&clickId=cardslot%2021,done,mealie.gruffus.com/g/home/r/roasted-asparagus-and-mushrooms
https://www.allrecipes.com/recipe/134230/spinach-salad-with-warm-bacon-mustard-dressing,done,mealie.gruffus.com/g/home/r/spinach-salad-with-warm-bacon-dressing
https://www.allrecipes.com/recipe/14231/guacamole,done,mealie.gruffus.com/g/home/r/guacamole
https://www.allrecipes.com/recipe/14415/cobb-salad,done,mealie.gruffus.com/g/home/r/cobb-salad
https://www.allrecipes.com/recipe/14533/caribbean-chicken-salad,done,mealie.gruffus.com/g/home/r/caribbean-chicken-salad
https://www.allrecipes.com/recipe/201093/eel-sauce,done,mealie.gruffus.com/g/home/r/eel-sauce
https://www.allrecipes.com/recipe/212721/indian-chicken-curry-murgh-kari,done,mealie.gruffus.com/g/home/r/indian-chicken-curry-murgh-kari
https://www.allrecipes.com/recipe/216319/homemade-sweet-italian-sausage-mild-or-hot,done,mealie.gruffus.com/g/home/r/homemade-sweet-italian-sausage-mild-or-hot
https://www.allrecipes.com/recipe/223382/chicken-stir-fry,done,mealie.gruffus.com/g/home/r/chicken-stir-fry
https://www.allrecipes.com/recipe/23431/to-die-for-fettuccine-alfredo,done,mealie.gruffus.com/g/home/r/to-die-for-fettuccine-alfredo
https://www.allrecipes.com/recipe/23600/worlds-best-lasagna,done,mealie.gruffus.com/g/home/r/world-s-best-lasagna
https://www.allrecipes.com/recipe/236170/coconut-black-bean-soup,done,mealie.gruffus.com/g/home/r/coconut-black-bean-soup
https://www.allrecipes.com/recipe/238691/simple-macaroni-and-cheese,done,mealie.gruffus.com/g/home/r/simple-macaroni-and-cheese
https://www.allrecipes.com/recipe/25171/italian-dressing-mix/?internalSource=amp&referringContentType=amp%20recipe&clickId=amp_directions,done,mealie.gruffus.com/g/home/r/italian-dressing-mix
https://www.allrecipes.com/recipe/257938/spicy-thai-basil-chicken-pad-krapow-gai,done,already in Mealie
https://www.allrecipes.com/recipe/34450/italian-seasoning-i,done,mealie.gruffus.com/g/home/r/italian-seasoning
https://www.allrecipes.com/recipe/35440/enchiladas-suizas,done,mealie.gruffus.com/g/home/r/enchiladas-suizas
https://www.allrecipes.com/recipe/35989/hot-italian-sausage,done,mealie.gruffus.com/g/home/r/hot-italian-sausage
https://www.allrecipes.com/recipe/46653/taco-seasoning-i,done,mealie.gruffus.com/g/home/r/taco-seasoning
https://www.allrecipes.com/recipe/50281/mushy-peas-i,done,mealie.gruffus.com/g/home/r/mushy-peas
https://www.allrecipes.com/recipe/8170/apple-spice-cake,done,mealie.gruffus.com/g/home/r/apple-spice-cake-1
https://www.allrecipes.com/recipe/8524/chicken-breasts-with-herb-basting-sauce,done,mealie.gruffus.com/g/home/r/chicken-breasts-with-herb-basting-sauce
https://www.allrecipes.com/recipe/85389/gourmet-mushroom-risotto,done,mealie.gruffus.com/g/home/r/gourmet-mushroom-risotto
https://www.allrecipes.com/recipes/673/main-dish/pork,skipped,"category listing page, not a single recipe"
https://www.alphafoodie.com/homemade-easy-falafel-wrap,done,mealie.gruffus.com/g/home/r/authentic-falafel-wrap
https://www.andy-cooks.com/blogs/recipes/nacho-burrito,done,mealie.gruffus.com/g/home/r/nacho-burrito
https://www.bbc.co.uk/food/recipes/chargrilled_halloumi_09010,skipped,bbc.co.uk blocked by egress policy
https://www.bbcgoodfood.com/recipes/bacon-brie-omelette-wedges-summer-salad,done,mealie.gruffus.com/g/home/r/bacon-brie-omelette-wedges-with-summer-salad
https://www.bbcgoodfood.com/recipes/best-spaghetti-bolognese-recipe,done,mealie.gruffus.com/g/home/r/the-best-spaghetti-bolognese
https://www.bbcgoodfood.com/recipes/chilli-con-carne-recipe,done,mealie.gruffus.com/g/home/r/chilli-con-carne
https://www.bbcgoodfood.com/recipes/club-sandwich,done,mealie.gruffus.com/g/home/r/club-sandwich
https://www.bbcgoodfood.com/recipes/kadala-curry,done,mealie.gruffus.com/g/home/r/kadala-curry-chickpea-curry
https://www.bbcgoodfood.com/recipes/naan-bread,done,mealie.gruffus.com/g/home/r/naan-bread
https://www.bbcgoodfood.com/recipes/prawn-harissa-spaghetti,done,mealie.gruffus.com/g/home/r/prawn-harissa-spaghetti
https://www.bbcgoodfood.com/recipes/smoky-mushroom-chickpea-fajitas-with-charred-spring-onion-salsa,done,mealie.gruffus.com/g/home/r/smoky-mushroom-chickpea-fajitas-with-charred-spring-onion-salsa
https://www.bbcgoodfood.com/user/253454/recipe/cheese-sauce-pasta,done,mealie.gruffus.com/g/home/r/cheese-sauce-with-pasta
https://www.beautybites.org/15-minute-mediterranean-chickpea-stew,done,https://mealie.gruffus.com/g/home/r/15-minute-mediterranean-chickpea-skillet
https://www.bonappetit.com/recipe/cacio-e-pepe,done,https://mealie.gruffus.com/g/home/r/cacio-e-pepe
https://www.bonappetit.com/recipe/corn-and-chickpea-bowl-with-miso-jalapeno-tahini,skipped,bonappetit.com 403 forbidden — all methods blocked
https://www.bonappetit.com/recipe/corn-and-chickpea-bowl-with-miso-jalapeno-tahini?utm_campaign=likeshopme&client_service_id=31198&utm_social_type=owned&utm_brand=ba&service_user_id=1.78e+16&utm_content=instagram-bio-link&utm_source=instagram&utm_medium=social&client_service_name=bonappetitmag&sup;ported_service_name=instagram_publishing,skipped,bonappetit.com 403 forbidden — all methods blocked
https://www.bonappetit.com/recipe/simple-ribollita,skipped,bonappetit.com 403 forbidden — all methods blocked
https://www.bonappetit.com/recipe/warm-winter-vegetable-salad-with-halloumi,skipped,bonappetit.com 403 forbidden — all methods blocked
https://www.bonappetit.com/story/french-75?utm_campaign=likeshopme&client_service_id=31179&utm_social_type=owned&utm_brand=epi&service_user_id=1.78e+16&utm_content=instagram-bio-link&utm_source=instagram&utm_medium=social&client_service_name=basically&sup;ported_service_name=instagram_publishing,skipped,bonappetit.com 403 forbidden — all methods blocked
https://www.buzzfeed.com/hannahloewentheil/no-cook-recipes-for-when-its-just-too-darn-hot?ref=bfbiobuzzfeedtasty&utm_campaign=bfbiobuzzfeedtasty&utm_source=buzzfeed.bio&p_id=10365,skipped,not a recipe page
https://www.chilipeppermadness.com/recipes/hunan-chicken,done,https://mealie.gruffus.com/g/home/r/hunan-chicken
https://www.chilipeppermadness.com/recipes/maque-choux,done,https://mealie.gruffus.com/g/home/r/maque-choux
https://www.chocolatesandchai.com/egyptian-koshari-koshary-recipe,done,https://mealie.gruffus.com/g/home/r/egyptian-koshari-koshary
https://www.connoisseurusveg.com/soba-miso-tofu-soup,done,https://mealie.gruffus.com/g/home/r/soba-noodle-soup-with-miso-broth-crispy-tofu
https://www.cookingclassy.com/chicken-curry,done,https://mealie.gruffus.com/g/home/r/chicken-curry
https://www.cookingclassy.com/fresh-homemade-salsa,done,https://mealie.gruffus.com/g/home/r/homemade-salsa
https://www.cookwithmanali.com/restaurant-style-garlic-naan,done,https://mealie.gruffus.com/g/home/r/restaurant-style-garlic-naan
https://www.countryliving.com/food-drinks/a32042684/croque-madames,done,https://mealie.gruffus.com/g/home/r/croque-madame
https://www.delish.com/cooking/g4806/keto-breakfast/?slide=1,skipped,not a recipe page
https://www.delish.com/cooking/recipe-ideas/a19636089/creamy-tuscan-chicken-recipe,done,https://mealie.gruffus.com/g/home/r/creamy-tuscan-chicken-1
https://www.delish.com/cooking/recipe-ideas/a24489879/beef-and-broccoli-recipe,done,https://mealie.gruffus.com/g/home/r/beef-and-broccoli
https://www.delish.com/cooking/recipe-ideas/a30899100/lyonnaise-potatoes,done,https://mealie.gruffus.com/g/home/r/lyonnaise-potatoes
https://www.delish.com/cooking/recipe-ideas/recipes/a42909/blackened-salmon-corn-tomato-avocado-salad,done,https://mealie.gruffus.com/g/home/r/blackened-salmon-with-corn-tomato-and-avocado-salad
https://www.delish.com/cooking/recipe-ideas/recipes/a51079/cheesy-beef-quesadillas-recipe,done,https://mealie.gruffus.com/g/home/r/cheesy-beef-quesadillas
https://www.delish.com/holiday-recipes/thanksgiving/a23013160/honey-balsamic-glazed-brussels-sprouts-recipe,done,https://mealie.gruffus.com/g/home/r/honey-balsamic-glazed-brussels-sprouts
https://www.dietdoctor.com/low-carb/keto/fruits,skipped,not a recipe page
https://www.dietdoctor.com/recipes/keto-hot-chocolate,done,https://mealie.gruffus.com/g/home/r/keto-hot-chocolate
https://www.diffordsguide.com/cocktails/recipe/95/applesinth,done,https://mealie.gruffus.com/g/home/r/applesinth
https://www.dinneratthezoo.com/bacon-mac-and-cheese,done,https://mealie.gruffus.com/g/home/r/bacon-mac-and-cheese
https://www.dontgobaconmyheart.co.uk/chip-shop-curry-sauce,done,https://mealie.gruffus.com/g/home/r/chip-shop-curry-sauce
https://www.eatingwell.com/cozy-stuffed-pepper-recipes-to-make-for-dinner-11863686,skipped,"Listicle article, not a single recipe"
https://www.eatingwell.com/recipe/261639/hasselback-caprese-chicken,done,https://mealie.gruffus.com/g/home/r/hasselback-caprese-chicken
https://www.eatingwell.com/recipe/275029/easy-fish-tacos-with-kiwi-salsa,done,https://mealie.gruffus.com/g/home/r/easy-fish-tacos-with-kiwi-salsa
https://www.eatingwell.com/recipe/276345/greek-burgers-with-herb-feta-sauce,done,https://mealie.gruffus.com/g/home/r/greek-inspired-burgers-with-herb-feta-sauce
https://www.eatingwell.com/roasted-cauliflower-salad-with-lemon-garlic-vinaigrette-11795194,done,https://mealie.gruffus.com/g/home/r/roasted-cauliflower-salad-with-lemon-garlic-vinaigrette (already existed)
https://www.errenskitchen.com/moroccan-spiced-vegetable-couscous,done,https://mealie.gruffus.com/g/home/r/moroccan-spiced-vegetable-couscous
https://www.feastingathome.com/fig-arugula-salad,done,https://mealie.gruffus.com/g/home/r/fig-salad-with-arugula-pecans
https://www.feastingathome.com/quick-healthy-zucchini-basil-soup,done,https://mealie.gruffus.com/g/home/r/zucchini-soup
https://www.feastingathome.com/seared-tuna,done,already in Mealie
https://www.food.com/recipe/durkee-famous-sauce-clone-108402,done,https://mealie.gruffus.com/g/home/r/durkee-famous-sauce-clone (already existed)
https://www.foodandwine.com/recipes/jamaican-jerk-chicken,done,https://mealie.gruffus.com/g/home/r/jamaican-jerk-chicken
https://www.foodandwine.com/recipes/puttanesca-sauce,done,https://mealie.gruffus.com/g/home/r/puttanesca-sauce-1
https://www.foodiecrush.com/50-mediterranean-diet-recipes,skipped,Listicle — no single recipe
https://www.foodiecrush.com/caprese-chicken-recipe,done,https://mealie.gruffus.com/g/home/r/caprese-chicken
https://www.foodiecrush.com/thai-turkey-meatballs-coconut-red-curry-sauce/?utm_source=Pinterest&utm_medium=organic,done,https://mealie.gruffus.com/g/home/r/thai-turkey-meatballs-in-coconut-curry-sauce
https://www.foodiewithfamily.com/hot-bacon-vinaigrette-dressing,done,https://mealie.gruffus.com/g/home/r/hot-bacon-vinaigrette-dressing
https://www.foodtimeline.org/storkclub.html,skipped,not a recipe page
https://www.gimmesomeoven.com/authentic-gazpacho-recipe,done,https://mealie.gruffus.com/g/home/r/authentic-gazpacho
https://www.gimmesomeoven.com/pear-salad-with-gorgonzola-candied-walnuts,done,https://mealie.gruffus.com/g/home/r/pear-salad-with-gorgonzola-and-candied-walnuts
https://www.gnom-gnom.com/fudgey-cocoa-paleo-keto-brownies,done,https://mealie.gruffus.com/g/home/r/fudgy-keto-brownies
https://www.gnom-gnom.com/grain-free-keto-cinnamon-toast-crunch,done,https://mealie.gruffus.com/g/home/r/keto-cinnamon-toast-crunch-cereal
https://www.gnom-gnom.com/top-secret-grain-free-keto-granola,done,https://mealie.gruffus.com/g/home/r/keto-granola
https://www.goodhousekeeping.com/uk/christmas/christmas-recipes/a38300897/prosecco-maple-glazed-pigs-blankets,done,https://mealie.gruffus.com/g/home/r/prosecco-and-maple-glazed-pigs-in-blankets
https://www.goodhousekeeping.com/uk/food/recipes/a536036/ham-blue-cheese-straws,done,https://mealie.gruffus.com/g/home/r/ham-and-blue-cheese-straws
https://www.gustos.ro/retete-culinare/ciorba-arabeasca.html,done,already in Mealie: https://mealie.gruffus.com/g/home/r/romanian-arab-style-chicken-and-rice-soup-ciorba-arabeasca
https://www.halfbakedharvest.com/30-minute-coq-au-vin-chicken-meatballs,done,https://mealie.gruffus.com/g/home/r/coq-au-vin-chicken-meatballs
https://www.halfbakedharvest.com/baked-coconut-curry-salmon,done,https://mealie.gruffus.com/g/home/r/baked-coconut-curry-salmon
https://www.halfbakedharvest.com/bbq-salmon-curry,done,https://mealie.gruffus.com/g/home/r/bbq-salmon-curry-with-mango-avocado-salsa
https://www.halfbakedharvest.com/better-than-takeout-dan-dan-noodles/?__cf_chl_jschl_tk__=L4hg5hbaPlbYTr3cc_dhE.hKgpEmA22QGdLEltfjK70-1637260742-0-gaNycGzNEJE,done,https://mealie.gruffus.com/g/home/r/better-than-takeout-dan-dan-noodles
https://www.halfbakedharvest.com/better-than-takeout-dan-dan-noodles/?__cf_chl_jschl_tk__=pmd_dXIYzQ25ZIrik7nWvUpGFfmHe9fL2VuBdOiDPWO0ykM-1634551647-0-gqNtZGzNAmWjcnBszRFR,done,https://mealie.gruffus.com/g/home/r/better-than-takeout-dan-dan-noodles
https://www.halfbakedharvest.com/buffalo-chicken-avocado-blt-wraps,done,https://mealie.gruffus.com/g/home/r/buffalo-chicken-avocado-blt-wraps
https://www.halfbakedharvest.com/butter-chicken,done,https://mealie.gruffus.com/g/home/r/30-minute-spicy-coconut-butter-chicken
https://www.halfbakedharvest.com/cauliflower-tzatziki-bowls,done,https://mealie.gruffus.com/g/home/r/crispy-cauliflower-tzatziki-bowls-with-sweet-potato-fries
https://www.halfbakedharvest.com/chicken-lazone,done,https://mealie.gruffus.com/g/home/r/skillet-creamy-cajun-chicken-lazone-with-herby-corn
https://www.halfbakedharvest.com/chicken-tzatziki-bowls,done,https://mealie.gruffus.com/g/home/r/greek-chicken-tzatziki-bowls
https://www.halfbakedharvest.com/chicken-tzatziki-skewers,done,https://mealie.gruffus.com/g/home/r/greek-chicken-skewers-with-feta-fries
https://www.halfbakedharvest.com/chili-mango-peanut-chicken-salad,done,https://mealie.gruffus.com/g/home/r/chili-mango-peanut-chicken-salad
https://www.halfbakedharvest.com/coconut-curry-noodle-soup,done,https://mealie.gruffus.com/g/home/r/30-minute-coconut-curry-noodle-soup-with-chili-crisp-chickpeas
https://www.halfbakedharvest.com/coconut-curry-salmon,done,https://mealie.gruffus.com/g/home/r/coconut-curry-salmon-with-garlic-butter
https://www.halfbakedharvest.com/creamed-feta-garlic-herb-butter-salmon,done,https://mealie.gruffus.com/g/home/r/creamed-feta-garlic-herb-butter-salmon
https://www.halfbakedharvest.com/creamy-pesto-pasta/?__cf_chl_jschl_tk__=pmd_a6e1a6c1c0db161c91d45d7000edd53136736cc6-1627143907-0-gqNtZGzNAiKjcnBszQji,done,https://mealie.gruffus.com/g/home/r/crispy-roasted-cauliflower-with-creamy-pesto-pasta
https://www.halfbakedharvest.com/creamy-sesame-miso-ramen,done,https://mealie.gruffus.com/g/home/r/30-minute-creamy-sesame-miso-ramen-with-crispy-mushrooms
https://www.halfbakedharvest.com/crispy-feta-with-lemon-pepper-chicken,done,https://mealie.gruffus.com/g/home/r/crispy-feta-with-lemon-pepper-chicken-and-rice
https://www.halfbakedharvest.com/crispy-lemon-feta-with-spiced-chickpeas,done,https://mealie.gruffus.com/g/home/r/crispy-lemon-feta-with-spiced-chickpeas-and-basil-orzo
https://www.halfbakedharvest.com/curried-beef,done,https://mealie.gruffus.com/g/home/r/curried-thai-beef-with-peanut-sauce
https://www.halfbakedharvest.com/frozen-watermelon-spritz,done,https://mealie.gruffus.com/g/home/r/frozen-watermelon-spritz
https://www.halfbakedharvest.com/garlic-butter-chicken-meatballs,done,https://mealie.gruffus.com/g/home/r/crockpot-garlic-butter-chicken-meatballs-with-creamy-orzo
https://www.halfbakedharvest.com/ginger-sesame-crusted-salmon-bowl,done,https://mealie.gruffus.com/g/home/r/spicy-ginger-sesame-crusted-salmon-bowl
https://www.halfbakedharvest.com/ginger-sesame-noodles,done,https://mealie.gruffus.com/g/home/r/30-minute-saucy-ginger-sesame-noodles-with-caramelized-mushrooms
https://www.halfbakedharvest.com/greek-salmon,done,https://mealie.gruffus.com/g/home/r/greek-salmon-with-lemon-feta-and-orzo-summer-salad
https://www.halfbakedharvest.com/hot-italian-stromboli,done,https://mealie.gruffus.com/g/home/r/hot-italian-stromboli
https://www.halfbakedharvest.com/indian-coconut-butter-cauliflower,done,https://mealie.gruffus.com/g/home/r/30-minute-indian-coconut-butter-cauliflower
https://www.halfbakedharvest.com/italian-chicken-gnocchi-soup,done,https://mealie.gruffus.com/g/home/r/italian-chicken-gnocchi-soup
https://www.halfbakedharvest.com/jalapeno-cheddar-stuffed-chicken/?__cf_chl_jschl_tk__=F0K6TBNrHWX5JVttFS6Ghu8B3290GWyGWe16aDn_3.U-1636373761-0-gaNycGzNEVE,skipped,skipped by user request
https://www.halfbakedharvest.com/jalapeno-cheddar-stuffed-chicken/?__cf_chl_jschl_tk__=pmd_fagjx22_m0TIDwpgFHdsGm0ZOXd7wXu6ZPyCZ8smvms-1630841541-0-gqNtZGzNArujcnBszQjR,skipped,"duplicate CF-token URL for same recipe, skipped by user request"
https://www.halfbakedharvest.com/lemon-garlic-butter-salmon/?__cf_chl_jschl_tk__=4b139b921646906cd18c523f91c9ae91c62b178c-1614614774-0-AU1_hKAlR4pxNB8PKXQGearrnG0FL39ARnk5T_Sjn_dOwYFPbi1uEF58MJ_zCbBegXAAlyCKpYZ0udTNP_-RCfH4m0lCO7VD1onSjvkrlpLBoFjCYshvXX7C-exYASHiPYqgh-RQRu7BBLsO0Lqjd8gQfRZGo1AXk2xY97da0vrUePyU4QgRyZKaRwjCf_qJvAAuM0uvWRTUyh7pvOCTOcfpp0ZAJgXDWAA8q7uxk_PSki6Qr-Pt054Y8ogU5LnLM6TuHvgMzrUxJZrg_KpIARZVuBITCOKyJz3w1Di6WSZJ7v3ygc032dfxNGPxEyDzQ73Eg4EFX50DVtj3rj53VFWSShdIeVeRsyLHU3tfzxX54CtHRwV-3kCQuMSNmR95IbgrXBsJq-aWGogPS-EM6dw,done,https://mealie.gruffus.com/g/home/r/sheet-pan-roasted-lemon-garlic-butter-salmon-with-feta-and-olives
https://www.halfbakedharvest.com/one-skillet-creamy-sun-dried-tomato-chicken-and-orzo,done,https://mealie.gruffus.com/g/home/r/one-skillet-creamy-sun-dried-tomato-chicken-and-orzo
https://www.halfbakedharvest.com/orange-chicken-salad,done,https://mealie.gruffus.com/g/home/r/sesame-ginger-orange-chicken-salad-with-crispy-fried-wontons
https://www.halfbakedharvest.com/orange-sesame-chicken,done,https://mealie.gruffus.com/g/home/r/spicy-orange-sesame-chicken
https://www.halfbakedharvest.com/peach-quinoa-salad,done,https://mealie.gruffus.com/g/home/r/grilled-jalapeno-peach-quinoa-salad
https://www.halfbakedharvest.com/pesto-chicken-and-avocado-bacon-salad-wraps,done,https://mealie.gruffus.com/g/home/r/pesto-chicken-and-avocado-bacon-salad-wraps
https://www.halfbakedharvest.com/salmon-caesar-salad,done,https://mealie.gruffus.com/g/home/r/blackened-salmon-caesar-salad
https://www.halfbakedharvest.com/sheet-pan-salmon,done,https://mealie.gruffus.com/g/home/r/sheet-pan-salmon-with-citrus-avocado-salsa-and-potatoes
https://www.halfbakedharvest.com/skillet-tuscan-chicken-and-orzo,done,already in Mealie
https://www.halfbakedharvest.com/southern-style-shrimp/?__cf_chl_jschl_tk__=pmd_k2d_SU.jJDsWS793Cf87wN_TLQgucq57ewgL2KEfJY0-1632136943-0-gqNtZGzNArujcnBszRFR,done,https://mealie.gruffus.com/g/home/r/spicy-southern-style-shrimp-with-lemon-basil-orzo
https://www.halfbakedharvest.com/sticky-ginger-soy-chicken,done,https://mealie.gruffus.com/g/home/r/sheet-pan-sticky-ginger-soy-chicken-and-broccoli
https://www.halfbakedharvest.com/strawberry-lemonade-aperol-margarita,done,https://mealie.gruffus.com/g/home/r/strawberry-lemonade-aperol-margarita
https://www.halfbakedharvest.com/thai-chicken-meatball-khao-soi,done,https://mealie.gruffus.com/g/home/r/weeknight-thai-chicken-meatball-khao-soi
https://www.halfbakedharvest.com/weeknight-sticky-ginger-sesame-chicken-meatballs,done,https://mealie.gruffus.com/g/home/r/weeknight-30-minute-sticky-ginger-sesame-chicken-meatballs
https://www.halfbakedharvest.com/yellow-chicken-curry,done,https://mealie.gruffus.com/g/home/r/simple-thai-yellow-chicken-curry-with-spicy-garlic-butter
https://www.healthline.com/nutrition/low-calorie-snacks,skipped,not a recipe page
https://www.houseandgarden.co.uk/recipe/tomato-red-pepper-soup,done,https://mealie.gruffus.com/g/home/r/roasted-tomato-and-red-pepper-soup
https://www.howsweeteats.com/2022/06/salmon-club-sandwich,done,https://mealie.gruffus.com/g/home/r/grilled-salmon-club-sandwich-with-charred-scallion-mayo
https://www.indianhealthyrecipes.com/chicken-korma-recipe,done,https://mealie.gruffus.com/g/home/r/chicken-korma
https://www.indianhealthyrecipes.com/fish-curry-recipe,done,https://mealie.gruffus.com/g/home/r/indian-fish-curry-fish-masala
https://www.inspectorgorgeous.com/buttery-keto-vanilla-wafers-that-are-actually-crisp,done,https://mealie.gruffus.com/g/home/r/keto-vanilla-wafer-cookies
https://www.inspiredtaste.net/15938/easy-and-smooth-hummus-recipe,done,https://mealie.gruffus.com/g/home/r/easy-hummus-better-than-store-bought
https://www.inspiredtaste.net/38290/blue-cheese-dressing,done,https://mealie.gruffus.com/g/home/r/homemade-blue-cheese-dressing
https://www.isabeleats.com/jalapeno-beer-cheese-soup,done,https://mealie.gruffus.com/g/home/r/jalapeno-beer-cheese-soup
https://www.jamieoliver.com/recipes/beef-recipes/beef-stroganoff,done,https://mealie.gruffus.com/g/home/r/beef-stroganoff
https://www.jamieoliver.com/recipes/beef/beef-stroganoff-fluffy-rice-red-onion-parsley-pickle,done,https://mealie.gruffus.com/g/home/r/beef-stroganoff-with-fluffy-rice-red-onion-parsley-pickle
https://www.japancentre.com/en/recipes/470-wonton-dumpling-soup,done,https://mealie.gruffus.com/g/home/r/wonton-soup (replaced with RecipeTin Eats version)
https://www.joshuaweissman.com/amp/korean-fried-chicken,done,Split into 2 recipes: https://mealie.gruffus.com/g/home/r/korean-fried-chicken-wings + https://mealie.gruffus.com/g/home/r/korean-fried-chicken-sandwich
https://www.joshuaweissman.com/post/breakfast-burrito,done,Split into 3 recipes: https://mealie.gruffus.com/g/home/r/bacon-egg-cheese-breakfast-burrito + https://mealie.gruffus.com/g/home/r/steak-cheese-breakfast-burrito + https://mealie.gruffus.com/g/home/r/breakfast-chimichanga
https://www.justonecookbook.com/homemade-chashu,done,"https://mealie.gruffus.com/g/home/r/rolled-chashu (single recipe, non-rolled variant in notes)"
https://www.lalena.ro/reteta/1956/Carnati-de-casa-reteta-de-familie,done,https://mealie.gruffus.com/g/home/r/carnati-de-casa-romanian-homemade-sausages
https://www.lauralaurentiu.ro/retete-culinare/retete-de-salate/salata-orientala-reteta-simpla-de-post.html,done,https://mealie.gruffus.com/g/home/r/salata-orientala-romanian-oriental-potato-salad
https://www.lauralaurentiu.ro/retete-culinare/retete-mancare/mancare-de-fasole.html,done,https://mealie.gruffus.com/g/home/r/mancare-de-fasole-romanian-oven-baked-bean-stew
https://www.lauralaurentiu.ro/retete-culinare/supe-ciorbe/ciorba-de-cartofi-cu-tarhon-reteta-de-post.html,done,https://mealie.gruffus.com/g/home/r/ciorba-de-cartofi-cu-tarhon-romanian-potato-tarragon-soup
https://www.lauralaurentiu.ro/retete-culinare/supe-ciorbe/ciorba-de-fasole-cu-tarhon-si-afumatura.html/amp,done,https://mealie.gruffus.com/g/home/r/ciorba-de-fasole-cu-tarhon-si-afumatura-romanian-bean-soup-with-tarragon-smoked-pork
https://www.loveandlemons.com/mango-margarita,done,https://mealie.gruffus.com/g/home/r/mango-margarita
https://www.loveandlemons.com/mexican-street-corn-salad,done,https://mealie.gruffus.com/g/home/r/mexican-street-corn-salad
https://www.loveandlemons.com/peanut-noodles,done,https://mealie.gruffus.com/g/home/r/peanut-noodles
https://www.loveandlemons.com/pickle-relish,done,https://mealie.gruffus.com/g/home/r/pickle-relish
https://www.loveandlemons.com/quinoa-bowl,done,https://mealie.gruffus.com/g/home/r/mediterranean-quinoa-bowl
https://www.loveandlemons.com/spinach-salad,done,https://mealie.gruffus.com/g/home/r/spinach-salad
https://www.loveandlemons.com/sweet-corn-gazpacho,done,https://mealie.gruffus.com/g/home/r/sweet-corn-gazpacho
https://www.loveandlemons.com/tzatziki-sauce,done,https://mealie.gruffus.com/g/home/r/tzatziki-sauce
https://www.loveandlemons.com/watermelon-salad,done,https://mealie.gruffus.com/g/home/r/watermelon-salad-with-feta-mint
https://www.maangchi.com/recipe/gimbap,done,https://mealie.gruffus.com/g/home/r/classic-gimbap
https://www.mantitlement.com/amaretto-sidecar-cocktail,done,https://mealie.gruffus.com/g/home/r/amaretto-sidecar-cocktail
https://www.marthastewart.com/863805/cider-bourbon-cocktail,done,https://mealie.gruffus.com/g/home/r/cider-bourbon-cocktail
https://www.momontimeout.com/best-homemade-baked-mac-and-cheese-recipe,done,https://mealie.gruffus.com/g/home/r/the-best-homemade-baked-mac-and-cheese
https://www.mydigitalkitchen.ca/2018/06/04/tom-yum-shrimp-noodle-soup,done,https://mealie.gruffus.com/g/home/r/tom-yum-shrimp-noodle-soup
https://www.mysugarfreekitchen.com/thai-chicken-meatballs-with-peanut-sauce/?4729807448,done,https://mealie.gruffus.com/g/home/r/thai-chicken-meatballs-with-peanut-sauce
https://www.okonomikitchen.com/miso-garlic-butter-mushroom-focaccia,done,https://mealie.gruffus.com/g/home/r/miso-garlic-butter-focaccia-with-mushrooms-and-scallions
https://www.onceuponachef.com/recipes/beef-stew-with-carrots-potatoes.html,done,https://mealie.gruffus.com/g/home/r/beef-stew-with-carrots-and-potatoes
https://www.onceuponachef.com/recipes/classic-egg-salad.html,done,https://mealie.gruffus.com/g/home/r/best-egg-salad-recipe
https://www.onceuponachef.com/recipes/greek-yogurt-dressing.html,done,https://mealie.gruffus.com/g/home/r/creamy-greek-yogurt-dressing
https://www.onceuponachef.com/recipes/old-fashioned-ginger-spice-cookies.html,done,https://mealie.gruffus.com/g/home/r/old-fashioned-ginger-spice-cookies
https://www.onceuponachef.com/recipes/potato-leek-soup.html,done,https://mealie.gruffus.com/g/home/r/potato-leek-soup
https://www.passionforbaking.com/blog/2018/06/25/no-bake-chocolate-cheesecake-with-sweet-salty-crust,skipped,passionforbaking.com returns 403 to egress proxy — entire domain blocked; Wayback Machine also 403; Google cache returned JS only
https://www.plainchicken.com/ham-cheese-crescent-breakfast-casserole,done,https://mealie.gruffus.com/g/home/r/ham-cheese-crescent-breakfast-casserole
https://www.plantbasedredhead.com/en/turkish-red-lentil-soup,done,https://mealie.gruffus.com/g/home/r/turkish-red-lentil-soup-mercimek-corbasi
https://www.platingsandpairings.com/easy-white-bbq-sauce-recipe,done,https://mealie.gruffus.com/g/home/r/alabama-white-bbq-sauce
https://www.purewow.com/recipes/honey-lime-chicken-in-foil,done,https://mealie.gruffus.com/g/home/r/honey-lime-chicken-in-foil
https://www.recipetineats.com/bangers-and-mash-sausage-with-onion-gravy,done,https://mealie.gruffus.com/g/home/r/bangers-and-mash-sausage-with-onion-gravy
https://www.recipetineats.com/banh-mi-vietnamese-sandwich,done,https://mealie.gruffus.com/g/home/r/banh-mi-vietnamese-sandwich
https://www.recipetineats.com/beef-burritos,done,"https://mealie.gruffus.com/g/home/r/beef-burritos (existing, corrected)"
https://www.recipetineats.com/brazilian-chickpea-curry,done,https://mealie.gruffus.com/g/home/r/brazilian-coconut-chickpea-curry
https://www.recipetineats.com/carbonara,done,https://mealie.gruffus.com/g/home/r/carbonara-real
https://www.recipetineats.com/chicken-breast-recipe,done,"https://mealie.gruffus.com/g/home/r/my-go-to-chicken-breast-recipe (existing, corrected)"
https://www.recipetineats.com/chicken-cacciatore-italian-chicken-stew,done,https://mealie.gruffus.com/g/home/r/chicken-cacciatore
https://www.recipetineats.com/chicken-kiev,done,https://mealie.gruffus.com/g/home/r/chicken-kiev
https://www.recipetineats.com/chinese-satay-chicken-stir-fry,done,https://mealie.gruffus.com/g/home/r/chinese-satay-chicken-stir-fry
https://www.recipetineats.com/doner-kebab-meat-recipe-beef-or-lamb,done,https://mealie.gruffus.com/g/home/r/homemade-doner-kebab-meat-beef-or-lamb
https://www.recipetineats.com/naan-recipe,done,already in Mealie
https://www.recipetineats.com/one-pot-chicken-risoni-with-crispy-salami,done,"https://mealie.gruffus.com/g/home/r/one-pot-chicken-risoni-with-crispy-salami-orzo (existing, corrected)"
https://www.recipetineats.com/pork-tenderloin-with-creamy-mustard-sauce,done,already in Mealie
https://www.recipetineats.com/quesadilla,done,https://mealie.gruffus.com/g/home/r/quesadillas-beef-chicken-or-vegetable
https://www.recipetineats.com/salsa-super-easy-restaurant-style,done,https://mealie.gruffus.com/g/home/r/restaurant-style-salsa
https://www.recipetineats.com/thai-chicken-fried-rice,done,https://mealie.gruffus.com/g/home/r/thai-fried-rice
https://www.recipetineats.com/thai-fish-cakes-2,done,https://mealie.gruffus.com/g/home/r/thai-fish-cakes
https://www.recipetineats.com/thai-red-curry-paste,done,https://mealie.gruffus.com/g/home/r/homemade-thai-red-curry-paste
https://www.retetedecasa.com/friptura-cap-de-piept-de-porc-la-cuptor,skipped,domain expired — retetedecasa.com is a parked GoDaddy page
https://www.saltandlavender.com/chicken-stroganoff,done,https://mealie.gruffus.com/g/home/r/chicken-stroganoff
https://www.saveur.com/article/Recipes/Roma-Eggs,done,https://mealie.gruffus.com/g/home/r/roma-eggs
https://www.saveur.com/article/Recipes/White-Wine-Granita,done,https://mealie.gruffus.com/g/home/r/white-wine-granita
https://www.scrambledchefs.com/sweet-chicken-salad-recipe-with-pineapple,done,https://mealie.gruffus.com/g/home/r/sweet-chicken-salad-with-pineapple
https://www.selgros.ro/articole/vita-cu-mango-in-stil-tailandez,skipped,not a recipe page
https://www.seriouseats.com/adana-kebab-turkish-ground-lamb-kebab-recipe,done,https://mealie.gruffus.com/g/home/r/adana-kebabs-ground-lamb-kebabs
https://www.seriouseats.com/erdapfelsalat-austrian-style-potato-salad-recipe,done,https://mealie.gruffus.com/g/home/r/erdapfelsalat-austrian-style-potato-salad
https://www.shakentogetherlife.com/how-to-cook-canned-peas,done,https://mealie.gruffus.com/g/home/r/how-to-cook-canned-peas
https://www.simplyrecipes.com/cowboy-pasta-salad-recipe-11730351,done,https://mealie.gruffus.com/g/home/r/for-the-best-pasta-salad-make-it-cowboy-style
https://www.simplyrecipes.com/ground-beef-hummus-bowls-recipe-8699931,done,https://mealie.gruffus.com/g/home/r/ground-beef-hummus-bowls
https://www.simplyrecipes.com/homemade-taco-seasoning-recipe-8728346,done,https://mealie.gruffus.com/g/home/r/homemade-taco-seasoning
https://www.simplyrecipes.com/paccheri-with-quick-sausage-ragu-recipe-7487414,done,https://mealie.gruffus.com/g/home/r/paccheri-with-quick-sausage-ragu
https://www.simplyrecipes.com/recipes/apple_walnut_gorgonzola_rustic_tart,skipped,"Page 404 — recipe removed from simplyrecipes.com, Wayback blocked"
https://www.simplyrecipes.com/recipes/banana_bread,done,https://mealie.gruffus.com/g/home/r/banana-bread
https://www.simplyrecipes.com/recipes/osso_buco,done,https://mealie.gruffus.com/g/home/r/the-best-osso-buco
https://www.slimmingeats.com/blog/turkey-chilli,done,https://mealie.gruffus.com/g/home/r/turkey-chilli
https://www.spendwithpennies.com/beef-stir-fry,done,https://mealie.gruffus.com/g/home/r/beef-stir-fry
https://www.spendwithpennies.com/greek-salad-dressing,done,https://mealie.gruffus.com/g/home/r/greek-salad-dressing
https://www.spendwithpennies.com/italian-pasta-salad,done,https://mealie.gruffus.com/g/home/r/italian-pasta-salad
https://www.spendwithpennies.com/mediterranean-pasta-salad,done,https://mealie.gruffus.com/g/home/r/mediterranean-pasta-salad
https://www.tasteofhome.com/collection/pressure-cooker-recipes,skipped,not a recipe page
https://www.tasteofhome.com/collection/sour-cream-desserts,skipped,not a recipe page
https://www.tasteofhome.com/recipes/gorgonzola-pear-salad,done,https://mealie.gruffus.com/g/home/r/pear-and-gorgonzola-salad
https://www.tasteofhome.com/recipes/pomegranate-hazelnut-roasted-brussels-sprouts,done,https://mealie.gruffus.com/g/home/r/pomegranate-hazelnut-roasted-brussels-sprouts
https://www.tasteofhome.com/recipes/pressure-cooker-sweet-n-sour-pork,done,https://mealie.gruffus.com/g/home/r/sweet-and-sour-pork-instant-pot
https://www.tastingtable.com/686375/italian-sandwich-meat-cheese-recipe,done,https://mealie.gruffus.com/g/home/r/italian-sub-sandwich
https://www.thebergerfeed.com/chocolatebabka,done,https://mealie.gruffus.com/g/home/r/double-chocolate-milk-bread-babka
https://www.theburntbuttertable.com/easy-roast-tomato-pasta-sauce,done,https://mealie.gruffus.com/g/home/r/easy-roast-tomato-pasta-sauce
https://www.thechunkychef.com/garlic-ginger-pork-stir-fry,done,https://mealie.gruffus.com/g/home/r/garlic-ginger-pork-stir-fry
https://www.theflavorbender.com/ramen-eggs-ajitsuke-tamago,done,https://mealie.gruffus.com/g/home/r/ramen-eggs-ajitsuke-tamago
https://www.theguardian.com/food/2022/sep/03/roast-bean-caesar-salad-spicy-chickpeas-recipes-quick-lunchbox-fixes-melissa-hemsley,skipped,"theguardian.com returns 403 — genuine block, cannot scrape"
https://www.theguardian.com/food/2024/apr/08/kitty-coles-recipe-for-slow-roast-thai-citrus-chicken-with-cucumber-and-peanut-salad,skipped,theguardian.com returns 403 — genuine block
https://www.theguardian.com/food/2024/sep/24/roast-courgettes-feta-preserved-lemon-recipe-georgina-hayden,skipped,theguardian.com returns 403 — genuine block
https://www.theguardian.com/food/2025/mar/08/white-bean-leek-and-artichoke-stew-vegan-recipe-meera-sodha,skipped,theguardian.com returns 403 — genuine block
https://www.thekitchenismyplayground.com/2019/10/draculas-blood-cocktail.html?m=1,done,https://mealie.gruffus.com/g/home/r/dracula-s-blood-cocktail
https://www.thekitchn.com/how-to-make-chicken-alfredo-pasta-249767,done,https://mealie.gruffus.com/g/home/r/classic-chicken-alfredo
https://www.themediterraneandish.com/3-ingredient-mediterranean-salad,done,https://mealie.gruffus.com/g/home/r/mediterranean-cucumber-tomato-salad
https://www.themediterraneandish.com/3-ingredient-mediterranean-salad/?__cf_chl_jschl_tk__=pmd_a489679b84fb0dbe37f9ed8e078141ea3dc41b0d-1627143925-0-gqNtZGzNAjijcnBszQa6,skipped,duplicate of themediterraneandish.com/3-ingredient-mediterranean-salad (Cloudflare token URL) — see https://mealie.gruffus.com/g/home/r/mediterranean-cucumber-tomato-salad
https://www.themediterraneandish.com/caponata-recipe,done,https://mealie.gruffus.com/g/home/r/caponata
https://www.themediterraneandish.com/chicken-shawarma-recipe/?__cf_chl_jschl_tk__=5977861f488d01d6d1cf7c0aa121a2a165eeb9be-1611666034-0-ATfF9chU-uRrJN0oQX5NQZCLUQ7jvMO7b8Rneo2tNAFKiT3bCEWmsBaRkSJRYkl4BUHSsoe8Cwuuq8d7u5Q8K1y1vGgRlItCbLLwZIxsFWrsJRCp6hVP-3m7iJnEa6fuU76i4WV84WgAROyWA6KU-d5xTKYt1USRB4aaUqYj9SA8KUrJwjoW-5RWKiS2MvahK1zCes7puieNl5SDLnGB3LOvuf7YxDx0WUY7FK-93oVuanT4-27HNQ4K1-0QXal1wPZmaUu8Rk0IBHYzLYamjZuY-nbiiGvpWupuCpJqY1Sz35cAAOYECw8eukyX7xxUi6z5JkJcMo2RMBETQSidVXbHqXoAC7-XxWYTcP-f72kg51SvbxZP72nwYU2K1RbdCT4YufB7pmOd3hwBNu8OqRM,done,https://mealie.gruffus.com/g/home/r/chicken-shawarma
https://www.themediterraneandish.com/chicken-shawarma-recipe/?__cf_chl_jschl_tk__=pmd_db6f85a3a4fe3489bc80972b3b9c83d4d6879a44-1627143923-0-gqNtZGzNAiKjcnBszQbO,skipped,duplicate Cloudflare token URL — see https://mealie.gruffus.com/g/home/r/chicken-shawarma
https://www.themediterraneandish.com/creamy-chicken-pesto-pasta,done,https://mealie.gruffus.com/g/home/r/chicken-pesto-pasta
https://www.themediterraneandish.com/fattoush-salad,done,https://mealie.gruffus.com/g/home/r/fattoush-salad
https://www.themediterraneandish.com/foul-mudammas-recipe/?__cf_chl_jschl_tk__=b2d5d3f69a84e316c0582c5edbacf2c73e6bad21-1614195654-0-ARP8MYdnERyimOFpvQ3N9HgrG2KxG34PVllH2-S8PzA4DQXhxAwvCCDec5Ux4Gvo7aOrvxcyXdQXYqCMgXsn2X5oxSz4vtNmdy2lw8Vvv1HHASA_kZ6J1hjvfLEh_QJmkXz7YxYxl8GaZum7KnajYssi1dra1CVRlCAgo6RrCwBobNLVxEyThPIqd51OHWanaTM9iJiFczTMIM1vveE4sCLd1G9qiRzKLd9r43TUXGvrJmy8XO1xj6SfvT3ZEKDIj3jfvvZ5kxQvwXfQ0e9GTyf1WHWO7XPNC0zSPnGbzQQhZ8tfbS4GDHmPO3thimCn_ZTbCIlIIqDBgMJe9JUdH4Hhvlu8Xx_4A8yot1vczNOEsOSsIKxT5omYCiUGkF-PCwR7KX6Gd1sNM21KoTOIs2o,done,https://mealie.gruffus.com/g/home/r/foul-mudammas-egyptian-fava-beans
https://www.themediterraneandish.com/foul-mudammas-recipe/?__cf_chl_jschl_tk__=pmd_2bc00d58d85fe3f5e985af6a5668cf318e574a5f-1627143921-0-gqNtZGzNAiKjcnBszQj6,skipped,duplicate Cloudflare token URL — see https://mealie.gruffus.com/g/home/r/foul-mudammas-egyptian-fava-beans
https://www.themediterraneandish.com/foul-mudammas-recipe/?__cf_chl_jschl_tk__=pmd_fhtmb1UyrZAVVpwODHBIrceaaxvTEIwHSxdJ6XIZC.g-1634985968-0-gqNtZGzNAmWjcnBszQll,skipped,duplicate Cloudflare token URL — see https://mealie.gruffus.com/g/home/r/foul-mudammas-egyptian-fava-beans
https://www.themediterraneandish.com/greek-chicken-and-potato-dinner,,
https://www.themediterraneandish.com/greek-grilled-chicken-salad-recipe/?__cf_chl_jschl_tk__=39765ac981750af50f634d18ad862884e1e46f63-1616010086-0-AYYJsBBveOKYOjoGG5FZw9YDCzXC_3qAdigq25v7hnlWq4FAbin1pcB3iW4-DycWr6V6Tds_cl6BmVekuBARPy4wwZAiSE4-fdu8u6kCqJuavpcXrq0p8Bf2w1VmBkGWaXwvNMy8497QMdE7mGU7V39ZySHBVU3vu00rGMaHoD6wnTYfB66hIlyfFgS-TDmL5K5tMA0COWiNjBkAiG1aouM6v1oskTRJ6KOP3cXa7GvhJt6LXRYOtVPL5PnSr9uzH_2HJTSJgVHJwYNYlOET0yPLUvgULOiYTvxDwKvNOb7ENLquDTfeGH7m3FTr-0-Q-X2-viPbLwcJqeXaxcawu0WbUzfPssw4nuzRfDiyZ2e-gnBDwcHWols1cyPUn_2saHbQLQK2sCW0dPi98qshkgKkqA3EOdrO9lcTBZCj2eHrMUR-NczTX8GKZBccnogTzQ,,
https://www.themediterraneandish.com/grilled-salmon-recipe-mint-mango-salsa,,
https://www.themediterraneandish.com/how-to-make-falafel,,
https://www.themediterraneandish.com/recipes/?fwp_categories=mediterranean-diet-recipes,,
https://www.themediterraneandish.com/sausage-peppers-recipe,,
https://www.themediterraneandish.com/tahini-sauce-recipe-how-to-make-tahini,,
https://www.theorganickitchen.org/spicy-shrimp-and-cauliflower-rice-bowl-paleo-whole-30,,
https://www.thespruceeats.com/pear-and-blue-cheese-salad-4688987,,
https://www.thespruceeats.com/spicy-roasted-cauliflower-2217341,,
https://www.thewholesomedish.com/the-best-classic-shepherds-pie,,
https://www.tiktok.com/@barbosuoficial/video/7285315971298970913?lang=en,skipped,not a recipe page
https://www.twopeasandtheirpod.com/easy-graham-cracker-toffee,,
https://www.twopeasandtheirpod.com/steak-salad,,
https://www.vegetariantimes.com/recipes/crispy-seasoned-vegetable-chips,,
https://www.wellplated.com/stir-fry-noodles/?__cf_chl_jschl_tk__=pmd_123b8efa1be116f1e9bad170103f524cdebd3316-1627143894-0-gqNtZGzNAiKjcnBszQh6,,
https://www.wellseasonedstudio.com/southern-fried-chicken-and-waffles,,
https://www.youtube.com/shorts/pstr2iCGAck,skipped,not a recipe page
https://www.youtube.com/watch?v=76b7LuwueWo&ab_channel=BrianLagerstrom,skipped,not a recipe page
https://www.youtube.com/watch?v=VQJqczVkdJA&feature=emb_logo&ab_channel=JamieOliver,skipped,not a recipe page
https://www.youtube.com/watch?v=egJaWmlHWLI&ab_channel=FoodWishes,skipped,not a recipe page
https://www.halfbakedharvest.com/yellow-chicken-curry/,done,https://mealie.gruffus.com/g/home/r/simple-thai-yellow-chicken-curry-with-spicy-garlic-butter
